{
  "data": {
    "category": {
      "context": {
        "currentTime": 1538143484
      },
      "isEnd": true,
      "list": [
        {
          "acm": "3.mce.1_10_1ia3k.117330.0.gkhzdr4X3j1mh.pos_0-m_426420-sd_119",
          "maitKey": "3627",
          "miniWallkey": "10062603",
          "title": "\u6b63\u5728\u6d41\u884c"
        },
        {
          "acm": "3.mce.1_10_1ia3m.117330.0.gkhzdr4X3j1mi.pos_1-m_426421-sd_119",
          "maitKey": "582",
          "miniWallkey": "50003",
          "title": "\u4e0a\u8863"
        },
        {
          "acm": "3.mce.1_10_1ia3o.117330.0.gkhzdr4X3j1mj.pos_2-m_426422-sd_119",
          "maitKey": "596",
          "miniWallkey": "50005",
          "title": "\u88e4\u5b50"
        },
        {
          "acm": "3.mce.1_10_1ia3q.117330.0.gkhzdr4X3j1mk.pos_3-m_426423-sd_119",
          "maitKey": "595",
          "miniWallkey": "50004",
          "title": "\u88d9\u5b50"
        },
        {
          "acm": "3.mce.1_10_1ia3s.117330.0.gkhzdr4X3j1ml.pos_4-m_426424-sd_119",
          "maitKey": "598",
          "miniWallkey": "50006",
          "title": "\u5185\u8863"
        },
        {
          "acm": "3.mce.1_10_1ia3u.117330.0.gkhzdr4X3j1mm.pos_5-m_426425-sd_119",
          "maitKey": "597",
          "miniWallkey": "50532",
          "title": "\u5973\u978b"
        },
        {
          "acm": "3.mce.1_10_1ia3w.117330.0.gkhzdr4X3j1mn.pos_6-m_426426-sd_119",
          "maitKey": "599",
          "miniWallkey": "51716",
          "title": "\u7537\u53cb"
        },
        {
          "acm": "3.mce.1_10_1ia3y.117330.0.gkhzdr4X3j1mo.pos_7-m_426427-sd_119",
          "maitKey": "600",
          "miniWallkey": "50675",
          "title": "\u5305\u5305"
        },
        {
          "acm": "3.mce.1_10_1ia40.117330.0.gkhzdr4X3j1mp.pos_8-m_426428-sd_119",
          "maitKey": "5253",
          "miniWallkey": "10056587",
          "title": "\u8fd0\u52a8"
        },
        {
          "acm": "3.mce.1_10_1ia42.117330.0.gkhzdr4X3j1mq.pos_9-m_426429-sd_119",
          "maitKey": "609",
          "miniWallkey": "50797",
          "title": "\u914d\u9970"
        },
        {
          "acm": "3.mce.1_10_1ia46.117330.0.gkhzdr4X3j1mr.pos_10-m_426431-sd_119",
          "maitKey": "594",
          "miniWallkey": "50010",
          "title": "\u7f8e\u5986"
        },
        {
          "acm": "3.mce.1_10_1ia48.117330.0.gkhzdr4X3j1ms.pos_11-m_426432-sd_119",
          "maitKey": "830",
          "miniWallkey": "52378",
          "title": "\u4e2a\u62a4"
        },
        {
          "acm": "3.mce.1_10_1ia4a.117330.0.gkhzdr4X3j1mt.pos_12-m_426433-sd_119",
          "maitKey": "602",
          "miniWallkey": "10057031",
          "title": "\u5bb6\u5c45"
        },
        {
          "acm": "3.mce.1_10_1ia4c.117330.0.gkhzdr4X3j1mu.pos_13-m_426434-sd_119",
          "maitKey": "606",
          "miniWallkey": "10060232",
          "title": "\u767e\u8d27"
        },
        {
          "acm": "3.mce.1_10_1ia4e.117330.0.gkhzdr4X3j1mv.pos_14-m_426435-sd_119",
          "maitKey": "603",
          "miniWallkey": "20003089",
          "title": "\u6bcd\u5a74"
        },
        {
          "acm": "3.mce.1_10_1ia4k.117330.0.gkhzdr4X3j1mw.pos_15-m_426438-sd_119",
          "maitKey": "605",
          "miniWallkey": "52014",
          "title": "\u98df\u54c1"
        }
      ],
      "nextPage": 1
    }
  },
  "returnCode": "SUCCESS",
  "success": true
}
