{"data":{"context":{"currentTime":1538143489},"info":{"title":"\u5185\u8863"},"isEnd":false,"list":[{"acm":"3.mce.1_10_1ekwy.598.0.wuiN4r4X3kx95.pos_0-m_340117-sd_119","endTime":0,"image":"https://s17.mogucdn.com/mlcdn/c45406/170913_132j1ai8f2i0cag6i0kf9j9klc345_120x120.png","link":"http://m.mogujie.com/x6/wall/book/neiyi?fcid=50031&title=\u6587\u80f8&acm=3.mce.1_10_1ekwy.598.0.wuiN4r4X3kx95.pos_0-m_340117-sd_119","sort":1,"startTime":1507564800,"title":"\u6587\u80f8"},{"acm":"3.mce.1_10_1ekwu.598.0.wuiN4r4X3kx96.pos_1-m_340115-sd_119","endTime":0,"image":"https://s2.mogucdn.com/p2/170310/64548447_4i382973af4b1d5hj66cgjcl4a275_120x120.jpg","link":"http://m.mogujie.com/x6/wall/book/neiyi?fcid=10059049&title=\u5185\u88e4&acm=3.mce.1_10_1ekwu.598.0.wuiN4r4X3kx96.pos_1-m_340115-sd_119","sort":2,"startTime":1507564800,"title":"\u5185\u88e4"},{"acm":"3.mce.1_10_1ekwq.598.0.wuiN4r4X3kx97.pos_2-m_340113-sd_119","endTime":0,"image":"https://s2.mogucdn.com/p2/170310/64548447_7b66k51d8f2020hjci285ce804cl9_120x120.jpg","link":"http://m.mogujie.com/x6/wall/book/neiyi?fcid=50030&title=\u6587\u80f8\u5957\u88c5&acm=3.mce.1_10_1ekwq.598.0.wuiN4r4X3kx97.pos_2-m_340113-sd_119","sort":3,"startTime":1507564800,"title":"\u6587\u80f8\u5957\u88c5"},{"acm":"3.mce.1_10_1ekx2.598.0.wuiN4r4X3kx98.pos_3-m_340119-sd_119","endTime":0,"image":"https://s3.mogucdn.com/mlcdn/c45406/170913_4784cc1b3c1b6h7j8a995k6bbg7jh_120x120.png","link":"http://m.mogujie.com/x6/wall/book/neiyi?fcid=50051&title=\u7761\u88d9&acm=3.mce.1_10_1ekx2.598.0.wuiN4r4X3kx98.pos_3-m_340119-sd_119","sort":4,"startTime":1507564800,"title":"\u7761\u88d9"},{"acm":"3.mce.1_10_1ida0.598.0.wuiN4r4X3kx99.pos_4-m_428480-sd_119","endTime":0,"image":"https://s10.mogucdn.com/mlcdn/c45406/180613_7icc440je1j41kj34ekbk452hccf7_502x502.png","link":"http://m.mogujie.com/x6/wall/book/neiyi?fcid=50028&title=\u889c\u5b50&acm=3.mce.1_10_1ida0.598.0.wuiN4r4X3kx99.pos_4-m_428480-sd_119","sort":5,"startTime":1507564800,"title":"\u889c\u5b50"},{"acm":"3.mce.1_10_1ekws.598.0.wuiN4r4X3kx9a.pos_5-m_340114-sd_119","endTime":0,"image":"https://s10.mogucdn.com/mlcdn/c45406/180613_5j9hc01f853aefc40530kejjb95fg_695x695.png","link":"http://m.mogujie.com/x6/wall/book/neiyi?fcid=50042&title=\u7761\u8863\u5957\u88c5&acm=3.mce.1_10_1ekws.598.0.wuiN4r4X3kx9a.pos_5-m_340114-sd_119","sort":6,"startTime":1507564800,"title":"\u7761\u8863\u5957\u88c5"},{"acm":"3.mce.1_10_1id9y.598.0.wuiN4r4X3kx9b.pos_6-m_428479-sd_119","endTime":0,"image":"https://s10.mogucdn.com/mlcdn/c45406/180613_28k53a4eii8dfil37cgad1ha5lig9_800x800.png","link":"http://m.mogujie.com/x6/wall/book/neiyi?fcid=50079&title=\u6253\u5e95\u889c&acm=3.mce.1_10_1id9y.598.0.wuiN4r4X3kx9b.pos_6-m_428479-sd_119","sort":7,"startTime":1507564800,"title":"\u590f\u5b63\u4e1d\u889c"},{"acm":"3.mce.1_10_1ekxg.598.0.wuiN4r4X3kx9c.pos_7-m_340126-sd_119","endTime":0,"image":"https://s2.mogucdn.com/p2/170310/64548447_6a45538l6caj4d40if6gl3gkijc11_120x120.jpg","link":"http://m.mogujie.com/x6/wall/book/neiyi?fcid=50078&title=\u540a\u5e26\u80cc\u5fc3&acm=3.mce.1_10_1ekxg.598.0.wuiN4r4X3kx9c.pos_7-m_340126-sd_119","sort":8,"startTime":1507564800,"title":"\u540a\u5e26\u80cc\u5fc3"},{"acm":"3.mce.1_10_1f5se.598.0.wuiN4r4X3kx9d.pos_8-m_353643-sd_119","endTime":0,"image":"https://s10.mogucdn.com/mlcdn/c45406/171031_1e56i66eekd918fkjdbaalci431c3_120x120.png","link":"http://m.mogujie.com/x6/wall/book/neiyi?fcid=20000761&title=\u7eaf\u68c9\u5185\u88e4&acm=3.mce.1_10_1f5se.598.0.wuiN4r4X3kx9d.pos_8-m_353643-sd_119","sort":9,"startTime":1507564800,"title":"\u7eaf\u68c9\u5185\u88e4"},{"acm":"3.mce.1_10_1ekye.598.0.wuiN4r4X3kx9e.pos_9-m_340143-sd_119","endTime":0,"image":"https://s10.mogucdn.com/mlcdn/c45406/170913_5gg50ja750ab46j6f139kaek91gjj_120x120.png","link":"http://m.mogujie.com/x6/wall/book/neiyi?fcid=10060772&title=\u65e0\u94a2\u5708\u5185\u8863&acm=3.mce.1_10_1ekye.598.0.wuiN4r4X3kx9e.pos_9-m_340143-sd_119","sort":10,"startTime":1507564800,"title":"\u65e0\u94a2\u5708\u5185\u8863"},{"acm":"3.mce.1_10_1ekx8.598.0.wuiN4r4X3kx9f.pos_10-m_340122-sd_119","endTime":0,"image":"https://s2.mogucdn.com/p2/170310/64548447_3j60liei1ag19hgk7lie838e5hh7i_120x120.jpg","link":"http://m.mogujie.com/x6/wall/book/neiyi?fcid=50038&title=\u8fd0\u52a8\u5185\u8863&acm=3.mce.1_10_1ekx8.598.0.wuiN4r4X3kx9f.pos_10-m_340122-sd_119","sort":11,"startTime":1507564800,"title":"\u8fd0\u52a8\u5185\u8863"},{"acm":"3.mce.1_10_1iddq.598.0.wuiN4r4X3kx9g.pos_11-m_428547-sd_119","endTime":0,"image":"https://s10.mogucdn.com/mlcdn/c45406/180613_057k5d9gbf8fd6gf7ile1f9agg24d_858x858.png","link":"http://m.mogujie.com/wall/book/neiyi?fcid=20002880&title=%E6%97%A0%E8%82%A9%E5%B8%A6%E5%86%85%E8%A1%A3&acm=3.mce.1_10_1iddq.598.0.wuiN4r4X3kx9g.pos_11-m_428547-sd_119","sort":12,"startTime":1528859466,"title":"\u65e0\u80a9\u5e26\u5185\u8863"},{"acm":"3.mce.1_10_1ekxa.598.0.wuiN4r4X3kx9h.pos_12-m_340123-sd_119","endTime":0,"image":"http://s17.mogucdn.com/p2/161104/upload_8geic3ei5ga30ca2ejih0b5ba3cf7_120x120.jpg","link":"http://m.mogujie.com/x6/wall/book/neiyi?fcid=50041&title=\u5361\u901a\u5185\u88e4&acm=3.mce.1_10_1ekxa.598.0.wuiN4r4X3kx9h.pos_12-m_340123-sd_119","sort":13,"startTime":1507564800,"title":"\u5361\u901a\u5185\u88e4"},{"acm":"3.mce.1_10_1ekxc.598.0.wuiN4r4X3kx9i.pos_13-m_340124-sd_119","endTime":0,"image":"https://s10.mogucdn.com/mlcdn/c45406/171104_03ik0ebiaf1a169513h63jg6adack_120x120.png","link":"http://m.mogujie.com/x6/wall/book/neiyi?fcid=50039&title=\u8c03\u6574\u578b\u5185\u8863&acm=3.mce.1_10_1ekxc.598.0.wuiN4r4X3kx9i.pos_13-m_340124-sd_119","sort":14,"startTime":1507564800,"title":"\u8c03\u6574\u578b\u5185\u8863"},{"acm":"3.mce.1_10_1ekxe.598.0.wuiN4r4X3kx9j.pos_14-m_340125-sd_119","endTime":0,"image":"https://s2.mogucdn.com/p2/170310/64548447_4336b94958539lh5jd02gefd6afkl_120x120.jpg","link":"http://m.mogujie.com/x6/wall/book/neiyi?fcid=50034&title=\u65e0\u75d5\u5185\u8863&acm=3.mce.1_10_1ekxe.598.0.wuiN4r4X3kx9j.pos_14-m_340125-sd_119","sort":15,"startTime":1507564800,"title":"\u65e0\u75d5\u5185\u8863"},{"acm":"3.mce.1_10_1ideu.598.0.wuiN4r4X3kx9k.pos_15-m_428567-sd_119","endTime":0,"image":"https://s10.mogucdn.com/mlcdn/c45406/170913_72ileck1ba8ckkjf3dc3k2dl3i55c_120x120.png","link":"http://m.mogujie.com/x6/wall/book/neiyi?fcid=10055087&title=\u5185\u88e4\u793c\u76d2&acm=3.mce.1_10_1ideu.598.0.wuiN4r4X3kx9k.pos_15-m_428567-sd_119","sort":16,"startTime":1507564800,"title":"\u793c\u76d2\u5185\u88e4"},{"acm":"3.mce.1_10_1ekx0.598.0.wuiN4r4X3kx9l.pos_16-m_340118-sd_119","endTime":0,"image":"https://s2.mogucdn.com/p2/170310/64548447_3ffgf68a1gacf8bb73gkclhgeakbh_120x120.jpg","link":"http://m.mogujie.com/x6/wall/book/neiyi?fcid=50070&title=\u5851\u8eab\u8863&acm=3.mce.1_10_1ekx0.598.0.wuiN4r4X3kx9l.pos_16-m_340118-sd_119","sort":17,"startTime":1507564800,"title":"\u5851\u8eab\u8863"},{"acm":"3.mce.1_10_1ekx6.598.0.wuiN4r4X3kx9m.pos_17-m_340121-sd_119","endTime":0,"image":"http://s17.mogucdn.com/p2/161104/upload_4ie9h2bd8ilkf2825ac1i5f1fcjdi_120x120.jpg","link":"http://m.mogujie.com/x6/wall/book/neiyi?fcid=50055&title=\u60c5\u4fa3\u7761\u8863&acm=3.mce.1_10_1ekx6.598.0.wuiN4r4X3kx9m.pos_17-m_340121-sd_119","sort":18,"startTime":1507564800,"title":"\u60c5\u4fa3\u7761\u8863"}],"nextPage":2},"key":"598","returnCode":"SUCCESS","success":true}
