{"data":{"context":{"currentTime":1538143486},"info":{"title":"\u4e0a\u8863"},"isEnd":false,"list":[{"acm":"3.mce.1_10_1j494.582.0.itmrvr4X3jJPC.pos_0-m_445960-sd_119","endTime":0,"image":"https://s10.mogucdn.com/mlcdn/c45406/180816_2h5k24ifj90k75ej5g0k8e4i3551e_180x180.gif","link":"http://m.mogujie.com/x6/wall/book/clothing?fcid=50278&title=\u79cb\u5b63\u65b0\u54c1&acm=3.mce.1_10_1j494.582.0.itmrvr4X3jJPC.pos_0-m_445960-sd_119","sort":1,"startTime":1534608000,"title":"\u79cb\u5b63\u65b0\u54c1"},{"acm":"3.mce.1_10_1j498.582.0.itmrvr4X3jJPD.pos_1-m_445962-sd_119","image":"https://s10.mogucdn.com/mlcdn/c45406/180816_450b2h908708589ib2cbi61ildg05_180x180.jpg","link":"http://m.mogujie.com/x6/wall/book/clothing?fcid=50249&title=\u886c\u886b&acm=3.mce.1_10_1j498.582.0.itmrvr4X3jJPD.pos_1-m_445962-sd_119","link_xcx":"","sort":2,"title":"\u886c\u886b","wxa_appId":"","wxa_link":""},{"acm":"3.mce.1_10_1j49a.582.0.itmrvr4X3jJPE.pos_2-m_445963-sd_119","image":"https://s10.mogucdn.com/mlcdn/c45406/180816_81fk2c7gkh03al07hg64hi3ljb393_180x180.jpg","link":"http://m.mogujie.com/x6/wall/book/clothing?fcid=50273&title=\u65f6\u5c1a\u536b\u8863&acm=3.mce.1_10_1j49a.582.0.itmrvr4X3jJPE.pos_2-m_445963-sd_119","link_xcx":"","sort":3,"title":"\u65f6\u5c1a\u536b\u8863","wxa_appId":"","wxa_link":""},{"acm":"3.mce.1_10_1jcdk.582.0.itmrvr4X3jJPF.pos_3-m_451224-sd_119","image":"https://s10.mogucdn.com/mlcdn/c45406/180824_5jallaagb99b1il32kc24j0388gac_180x180.jpg","link":"http://m.mogujie.com/x6/wall/book/clothing?fcid=10057086&title=\u79cb\u5b63\u5916\u5957&acm=3.mce.1_10_1jcdk.582.0.itmrvr4X3jJPF.pos_3-m_451224-sd_119","link_xcx":"","sort":4,"title":"\u79cb\u5b63\u5916\u5957","wxa_appId":"","wxa_link":""},{"acm":"3.mce.1_10_1jcdm.582.0.itmrvr4X3jJPG.pos_4-m_451225-sd_119","endTime":0,"image":"https://s10.mogucdn.com/mlcdn/c45406/180824_2efc2481egf67c3gi7889f3ib03lh_180x180.jpg","link":"http://m.mogujie.com/x6/wall/book/clothing?fcid=50258&title=\u9488\u7ec7\u886b&acm=3.mce.1_10_1jcdm.582.0.itmrvr4X3jJPG.pos_4-m_451225-sd_119","sort":5,"startTime":1536595200,"title":"\u9488\u7ec7\u886b"},{"acm":"3.mce.1_10_1jcdw.582.0.itmrvr4X3jJPH.pos_5-m_451230-sd_119","image":"https://s10.mogucdn.com/mlcdn/c45406/180827_468gjeechik60d487ec3bke07glaa_180x180.jpg","link":"http://m.mogujie.com/x6/wall/book/clothing?fcid=10055532&title=\u663e\u7626V\u9886&acm=3.mce.1_10_1jcdw.582.0.itmrvr4X3jJPH.pos_5-m_451230-sd_119","link_xcx":"","sort":6,"title":"\u663e\u7626V\u9886","wxa_appId":"","wxa_link":""},{"acm":"3.mce.1_10_1jcdo.582.0.itmrvr4X3jJPI.pos_6-m_451226-sd_119","image":"https://s10.mogucdn.com/mlcdn/c45406/180910_0gd5i35805igd4d9bijc807f2jlj0_180x180.jpg","link":"http://m.mogujie.com/x6/wall/book/clothing?fcid=50253&title=\u65b0\u6b3e\u6bdb\u8863&acm=3.mce.1_10_1jcdo.582.0.itmrvr4X3jJPI.pos_6-m_451226-sd_119","link_xcx":"","sort":7,"title":"\u65b0\u6b3e\u6bdb\u8863","wxa_appId":"","wxa_link":""},{"acm":"3.mce.1_10_1jcdq.582.0.itmrvr4X3jJPJ.pos_7-m_451227-sd_119","image":"https://s10.mogucdn.com/mlcdn/c45406/180910_1l7ii4gejd9g5333313gefaebbhf5_180x180.jpg","link":"http://m.mogujie.com/x6/wall/book/clothing?fcid=50256&title=\u6253\u5e95\u886b&acm=3.mce.1_10_1jcdq.582.0.itmrvr4X3jJPJ.pos_7-m_451227-sd_119","link_xcx":"","sort":8,"title":"\u6253\u5e95\u886b","wxa_appId":"","wxa_link":""},{"acm":"3.mce.1_10_1j49y.582.0.itmrvr4X3jJPK.pos_8-m_445975-sd_119","image":"https://s10.mogucdn.com/mlcdn/c45406/180815_1c16ad53j3kh700bcj6bai3828g04_180x180.jpg","link":"http://m.mogujie.com/x6/wall/book/clothing?fcid=50261&title=\u98ce\u8863&acm=3.mce.1_10_1j49y.582.0.itmrvr4X3jJPK.pos_8-m_445975-sd_119","link_xcx":"","sort":9,"title":"\u98ce\u8863","wxa_appId":"","wxa_link":""},{"acm":"3.mce.1_10_1i4k6.582.0.itmrvr4X3jJPL.pos_9-m_422831-sd_119","endTime":0,"image":"https://s10.mogucdn.com/mlcdn/c45406/180509_3l2chdef6gaagjf317f53e91g0g2c_180x180.jpg","link":"http://m.mogujie.com/x6/wall/book/clothing?fcid=50244&title=\u7279\u5356T\u6064&acm=3.mce.1_10_1i4k6.582.0.itmrvr4X3jJPL.pos_9-m_422831-sd_119","sort":10,"startTime":1535040000,"title":"\u7279\u5356T\u6064"},{"acm":"3.mce.1_10_1jce2.582.0.itmrvr4X3jJPM.pos_10-m_451233-sd_119","image":"https://s10.mogucdn.com/mlcdn/c45406/180910_6hcgh3k6gdi8j0101ak0i2dk8kldh_180x180.jpg","link":"http://m.mogujie.com/x6/wall/book/clothing?fcid=10059867&title=\u8fde\u5e3d\u536b\u8863&acm=3.mce.1_10_1jce2.582.0.itmrvr4X3jJPM.pos_10-m_451233-sd_119","link_xcx":"","sort":11,"title":"\u8fde\u5e3d\u536b\u8863","wxa_appId":"","wxa_link":""},{"acm":"3.mce.1_10_1jce8.582.0.itmrvr4X3jJPN.pos_11-m_451236-sd_119","image":"https://s10.mogucdn.com/mlcdn/c45406/180827_709iij56lljb42a4a5ll32i95c91e_180x180.jpg","link":"http://m.mogujie.com/x6/wall/book/clothing?fcid=52174&title=\u7ecf\u5178\u6761\u7eb9&acm=3.mce.1_10_1jce8.582.0.itmrvr4X3jJPN.pos_11-m_451236-sd_119","link_xcx":"","sort":12,"title":"\u7ecf\u5178\u6761\u7eb9","wxa_appId":"","wxa_link":""},{"acm":"3.mce.1_10_1jcdy.582.0.itmrvr4X3jJPO.pos_12-m_451231-sd_119","image":"https://s10.mogucdn.com/mlcdn/c45406/180827_2ded7fbcif6hejke7l0bhdha0b2c7_180x180.jpg","link":"http://m.mogujie.com/x6/wall/book/clothing?fcid=10055075&title=\u767d\u886c\u886b&acm=3.mce.1_10_1jcdy.582.0.itmrvr4X3jJPO.pos_12-m_451231-sd_119","link_xcx":"","sort":13,"title":"\u767d\u886c\u886b","wxa_appId":"","wxa_link":""},{"acm":"3.mce.1_10_1j4a2.582.0.itmrvr4X3jJPP.pos_13-m_445977-sd_119","endTime":0,"image":"https://s2.mogucdn.com/mlcdn/c45406/170417_179ik9l4ggac9ca5ddh1k8lgf21f9_130x130.jpg","link":"http://m.mogujie.com/x6/wall/book/clothing?fcid=50259&title=\u68d2\u7403\u5916\u5957&acm=3.mce.1_10_1j4a2.582.0.itmrvr4X3jJPP.pos_13-m_445977-sd_119","sort":14,"startTime":1535040000,"title":"\u68d2\u7403\u5916\u5957"},{"acm":"3.mce.1_10_1jce0.582.0.itmrvr4X3jJPQ.pos_14-m_451232-sd_119","image":"https://s10.mogucdn.com/mlcdn/c45406/180827_7bfj6l2d169b6cb2l4gifbi720d3e_180x180.jpg","link":"http://m.mogujie.com/x6/wall/book/clothing?fcid=20003385&title=ins\u8d85\u706b&acm=3.mce.1_10_1jce0.582.0.itmrvr4X3jJPQ.pos_14-m_451232-sd_119","link_xcx":"","sort":15,"title":"ins\u8d85\u706b","wxa_appId":"","wxa_link":""},{"acm":"3.mce.1_10_1j49e.582.0.itmrvr4X3jJPR.pos_15-m_445965-sd_119","image":"https://s10.mogucdn.com/mlcdn/c45406/180815_7d01jlhd77je2j25abh1faf570kaj_180x180.jpg","link":"http://m.mogujie.com/x6/wall/book/clothing?fcid=50248&title=\u80cc\u5fc3\u540a\u5e26&acm=3.mce.1_10_1j49e.582.0.itmrvr4X3jJPR.pos_15-m_445965-sd_119","link_xcx":"","sort":16,"title":"\u80cc\u5fc3\u540a\u5e26","wxa_appId":"","wxa_link":""},{"acm":"3.mce.1_10_1j4a0.582.0.itmrvr4X3jJPS.pos_16-m_445976-sd_119","endTime":0,"image":"https://s3.mogucdn.com/mlcdn/c45406/170813_5g9356629g61b6j0cj1hieal48lc6_120x120.jpg","link":"http://m.mogujie.com/x6/wall/book/clothing?fcid=50270&title=\u725b\u4ed4\u5916\u5957&mt=12.6551.r151966.24285&acm=3.mce.1_10_1j4a0.582.0.itmrvr4X3jJPS.pos_16-m_445976-sd_119","sort":17,"startTime":1535040000,"title":"\u725b\u4ed4\u5916\u5957"},{"acm":"3.mce.1_10_1jce4.582.0.itmrvr4X3jJPT.pos_17-m_451234-sd_119","image":"https://s10.mogucdn.com/mlcdn/c45406/180827_08k40ld9d7d9d3kjg806ji67k99ad_180x180.jpg","link":"http://m.mogujie.com/x6/wall/book/clothing?fcid=10056629&title=\u4e00\u5b57\u80a9&acm=3.mce.1_10_1jce4.582.0.itmrvr4X3jJPT.pos_17-m_451234-sd_119","link_xcx":"","sort":18,"title":"\u4e00\u5b57\u80a9","wxa_appId":"","wxa_link":""},{"acm":"3.mce.1_10_1j49w.582.0.itmrvr4X3jJPU.pos_18-m_445974-sd_119","image":"https://s10.mogucdn.com/mlcdn/c45406/180810_2l9fjld9d8327f50ghd4524cjd6l7_180x180.jpg","link":"http://m.mogujie.com/x6/wall/book/clothing?fcid=10063664&title=BF\u98ce\u886c\u886b&acm=3.mce.1_10_1j49w.582.0.itmrvr4X3jJPU.pos_18-m_445974-sd_119","link_xcx":"","sort":19,"title":"BF\u98ce\u886c\u886b","wxa_appId":"","wxa_link":""},{"acm":"3.mce.1_10_1jcds.582.0.itmrvr4X3jJPV.pos_19-m_451228-sd_119","image":"https://s10.mogucdn.com/mlcdn/c45406/180910_1hb4j41h55021egjajal084f0kdk5_180x180.jpg","link":"http://m.mogujie.com/x6/wall/book/clothing?fcid=10059861&title=\u6bdb\u8863\u5916\u5957&acm=3.mce.1_10_1jcds.582.0.itmrvr4X3jJPV.pos_19-m_451228-sd_119","link_xcx":"","sort":20,"title":"\u6bdb\u8863\u5916\u5957","wxa_appId":"","wxa_link":""},{"acm":"3.mce.1_10_1jcdu.582.0.itmrvr4X3jJPW.pos_20-m_451229-sd_119","image":"https://s10.mogucdn.com/mlcdn/c45406/180910_55jgke9j8kjc764egl0l01g3b75gi_180x180.jpg","link":"http://m.mogujie.com/x6/wall/book/clothing?fcid=52171&title=\u76ae\u5939\u514b&acm=3.mce.1_10_1jcdu.582.0.itmrvr4X3jJPW.pos_20-m_451229-sd_119","link_xcx":"","sort":21,"title":"\u76ae\u5939\u514b","wxa_appId":"","wxa_link":""},{"acm":"3.mce.1_10_1jcea.582.0.itmrvr4X3jJPX.pos_21-m_451237-sd_119","image":"https://s10.mogucdn.com/mlcdn/c45406/180827_083d8f7g0kckflj98gc2l77caggha_100x100.jpg","link":"http://m.mogujie.com/x6/wall/book/clothing?fcid=50255&title=\u897f\u88c5\u5916\u5957&acm=3.mce.1_10_1jcea.582.0.itmrvr4X3jJPX.pos_21-m_451237-sd_119","link_xcx":"","sort":22,"title":"\u897f\u88c5\u5916\u5957","wxa_appId":"","wxa_link":""},{"acm":"3.mce.1_10_1dvnq.582.0.itmrvr4X3jJPY.pos_22-m_323751-sd_119","image":"https://s11.mogucdn.com/mlcdn/c45406/170823_7dkl85cdikcfd4940de030hg315il_120x120.jpg","link":"http://m.mogujie.com/x6/wall/book/shopping?fcid=10062628&title=\u523a\u7ee3\u886c\u886b&acm=3.mce.1_10_1dvnq.582.0.itmrvr4X3jJPY.pos_22-m_323751-sd_119","sort":23,"title":"\u523a\u7ee3\u886c\u886b"},{"acm":"3.mce.1_10_1j49g.582.0.itmrvr4X3jJPZ.pos_23-m_445966-sd_119","image":"https://s10.mogucdn.com/mlcdn/c45406/180815_019aec6dj21jh6deje7k0182b3533_180x180.jpg","link":"http://m.mogujie.com/x6/wall/book/clothing?fcid=50245&title=\u96ea\u7eba\u886b&acm=3.mce.1_10_1j49g.582.0.itmrvr4X3jJPZ.pos_23-m_445966-sd_119","link_xcx":"","sort":24,"title":"\u96ea\u7eba\u886b","wxa_appId":"","wxa_link":""}],"nextPage":2},"key":"582","returnCode":"SUCCESS","success":true}
