{"data":{"context":{"currentTime":1538143487},"info":{"title":"\u88e4\u5b50"},"isEnd":false,"list":[{"acm":"3.mce.1_10_17a0i.596.0.gkhzcr4X3jY4S.pos_0-m_169757-sd_119","endTime":0,"image":"https://s10.mogucdn.com/mlcdn/c45406/170623_255kj82437792fbdf8c8dic904llh_130x130.jpg","link":"http://m.mogujie.com/x6/wall/book/clothing?fcid=50206&title=\u725b\u4ed4\u88e4&fId=&mt=12.596.r73445.2913&acm=3.mce.1_10_17a0i.596.0.gkhzcr4X3jY4S.pos_0-m_169757-sd_119","sort":1,"startTime":1460540280,"title":"\u725b\u4ed4\u88e4"},{"acm":"3.mce.1_10_17a0y.596.0.gkhzcr4X3jY4T.pos_1-m_169765-sd_119","endTime":0,"image":"https://s10.mogucdn.com/mlcdn/c45406/170623_2g113l47f70kg7a0b3a3k2c3147ba_130x130.jpg","link":"http://m.mogujie.com/wall/book/clothing?fcid=50214&title=%E4%BC%91%E9%97%B2%E8%A3%A4&acm=3.mce.1_10_17a0y.596.0.gkhzcr4X3jY4T.pos_1-m_169765-sd_119","sort":2,"startTime":1463389380,"title":"\u4f11\u95f2\u88e4"},{"acm":"3.mce.1_10_17a0q.596.0.gkhzcr4X3jY4U.pos_2-m_169761-sd_119","endTime":0,"image":"https://s10.mogucdn.com/mlcdn/c45406/170623_82f53jf7jj79ge65la2gd1jgajdl0_130x130.jpg","link":"http://m.mogujie.com/x6/wall/book/clothing?fcid=50216&title=\u6253\u5e95\u88e4&fId=&mt=12.596.r73449.2913&acm=3.mce.1_10_17a0q.596.0.gkhzcr4X3jY4U.pos_2-m_169761-sd_119","sort":3,"startTime":1463389260,"title":"\u6253\u5e95\u88e4"},{"acm":"3.mce.1_10_17a0m.596.0.gkhzcr4X3jY4V.pos_3-m_169759-sd_119","endTime":0,"image":"https://s10.mogucdn.com/mlcdn/c45406/170623_33053a8addcejl12da55b1df4kd8k_130x130.jpg","link":"http://m.mogujie.com/x6/wall/book/clothing?fcid=50211&title=\u5c0f\u811a\u88e4&fId=&mt=12.596.r73448.2913&acm=3.mce.1_10_17a0m.596.0.gkhzcr4X3jY4V.pos_3-m_169759-sd_119","sort":4,"startTime":1463389080,"title":"\u5c0f\u811a\u88e4"},{"acm":"3.mce.1_10_17a0k.596.0.gkhzcr4X3jY4W.pos_4-m_169758-sd_119","endTime":0,"image":"https://s3.mogucdn.com/mlcdn/c45406/180307_6j14ah0j70a3gcd1c10aaj8bi4led_130x130.jpg","link":"http://m.mogujie.com/x6/wall/book/clothing?fcid=10055042&title=\u77ed\u88e4&fId=&mt=12.596.r73447.2913&acm=3.mce.1_10_17a0k.596.0.gkhzcr4X3jY4W.pos_4-m_169758-sd_119","sort":5,"startTime":1458558480,"title":"\u77ed\u88e4"},{"acm":"3.mce.1_10_17a0g.596.0.gkhzcr4X3jY4X.pos_5-m_169756-sd_119","endTime":0,"image":"https://s10.mogucdn.com/mlcdn/c45406/170623_6eiac783d9f3d76j3f0ah95fa7jaf_130x130.jpg","link":"http://m.mogujie.com/wall/book/clothing?fcid=10063622&title=%E4%BE%A7%E8%BE%B9%E6%9D%A1%E7%BA%B9%E8%BF%90%E5%8A%A8%E8%A3%A4&acm=3.mce.1_10_17a0g.596.0.gkhzcr4X3jY4X.pos_5-m_169756-sd_119","sort":6,"startTime":1463388720,"title":"\u4fa7\u8fb9\u6761\u7eb9\u8fd0\u52a8\u88e4"},{"acm":"3.mce.1_10_17a0o.596.0.gkhzcr4X3jY4Y.pos_6-m_169760-sd_119","endTime":0,"image":"http://s18.mogucdn.com/p2/161012/upload_38ka743iaia35c51lb4b53ec0bi2h_130x130.jpg","link":"http://m.mogujie.com/x6/wall/book/clothing?fcid=50208&title=\u80cc\u5e26\u88e4&fId=&mt=12.596.r73446.2913&acm=3.mce.1_10_17a0o.596.0.gkhzcr4X3jY4Y.pos_6-m_169760-sd_119","sort":7,"startTime":1463389200,"title":"\u80cc\u5e26\u88e4"},{"acm":"3.mce.1_10_17a12.596.0.gkhzcr4X3jY4Z.pos_7-m_169767-sd_119","endTime":0,"image":"https://s10.mogucdn.com/mlcdn/c45406/170623_322ab5e81h9363c4eg0834bk2dk4e_130x130.jpg","link":"http://m.mogujie.com/wall/book/clothing?fcid=50212&title=%E7%A0%B4%E6%B4%9E%E7%89%9B%E4%BB%94%E8%A3%A4&acm=3.mce.1_10_17a12.596.0.gkhzcr4X3jY4Z.pos_7-m_169767-sd_119","sort":8,"startTime":1463389860,"title":"\u7834\u6d1e\u725b\u4ed4\u88e4"},{"acm":"3.mce.1_10_17a0s.596.0.gkhzdr4X3jY40.pos_8-m_169762-sd_119","endTime":0,"image":"https://s10.mogucdn.com/mlcdn/c45406/170623_6cf1e4affi4i9560bh5fge00jgcj9_130x130.jpg","link":"http://m.mogujie.com/wall/book/clothing?fcid=50207&title=%E9%98%94%E8%85%BF%E8%A3%A4&acm=3.mce.1_10_17a0s.596.0.gkhzdr4X3jY40.pos_8-m_169762-sd_119","sort":9,"startTime":1463389740,"title":"\u9614\u817f\u88e4"},{"acm":"3.mce.1_10_17a0u.596.0.gkhzdr4X3jY41.pos_9-m_169763-sd_119","endTime":0,"image":"http://s18.mogucdn.com/p2/160912/upload_30elj3j7i730cg67efea4fj6fj3d3_130x130.jpg","link":"http://m.mogujie.com/x6/wall/book/clothing?fcid=10059842&title=\u5bbd\u677e\u725b\u4ed4\u88e4&acm=3.mce.1_10_17a0u.596.0.gkhzdr4X3jY41.pos_9-m_169763-sd_119","sort":10,"startTime":1460542680,"title":"\u5bbd\u677e\u725b\u4ed4\u88e4"},{"acm":"3.mce.1_10_17a0w.596.0.gkhzdr4X3jY42.pos_10-m_169764-sd_119","endTime":0,"image":"https://s10.mogucdn.com/mlcdn/c45406/170623_5aj956hdekk0244a4ee32h7j06g4d_130x130.jpg","link":"http://m.mogujie.com/wall/book/clothing?fcid=10055617&title=\u88d9\u88e4&acm=3.mce.1_10_17a0w.596.0.gkhzdr4X3jY42.pos_10-m_169764-sd_119","sort":11,"startTime":1463389740,"title":"\u523a\u7ee3\u725b\u4ed4\u88e4"},{"acm":"3.mce.1_10_17a10.596.0.gkhzdr4X3jY43.pos_11-m_169766-sd_119","endTime":0,"image":"https://s10.mogucdn.com/mlcdn/c45406/170623_497a3276ee3cl3jl2f80a03i5jffc_130x130.jpg","link":"http://m.mogujie.com/wall/book/clothing?fcid=10063617&title=%E9%9B%AA%E7%BA%BA%E7%9F%AD%E8%A3%A4&acm=3.mce.1_10_17a10.596.0.gkhzdr4X3jY43.pos_11-m_169766-sd_119","sort":12,"startTime":1460540580,"title":"\u96ea\u7eba\u77ed\u88e4"}],"nextPage":2},"key":"596","returnCode":"SUCCESS","success":true}
